Tumor digestion for cryopreservation,"1. Digestion buffer
i. 4 mg/mL collagenase IV (Supplier A, catalog SMP-17104)
ii. 0.2 mg/mL DNase I (Supplier A, catalog SMP-90083)
iii. Made up in serum-free DMEM
2. ACK lysis buffer (Supplier B, catalog SMP-A1049)
3. Complete media: DMEM with 10 percent FBS and 1 percent penicillin-streptomycin
4. PBS, calcium and magnesium free
5. 70 um cell strainer
6. Trypan blue 0.4 percent SYNTHETIC SAMPLE DATA, not a validated reagent list."
Cell line cryorecovery,"1. Complete media: DMEM with 10 percent FBS and 1 percent penicillin-streptomycin
2. PBS, calcium and magnesium free
3. 70 percent ethanol for surface decontamination
4. T-25 culture flasks
5. Cryogenic gloves and face shield SYNTHETIC SAMPLE DATA, not a validated reagent list."
Cell line cryopreservation,"1. Cryopreservation media: 90 percent FBS with 10 percent DMSO, prepared fresh and kept cold
2. PBS, calcium and magnesium free
3. Cell dissociation buffer (Trypsin, TrypLE, or Accutase)
4. Complete media: DMEM with 10 percent FBS and 1 percent penicillin-streptomycin
5. Labeled 1.8 mL cryovials
6. Controlled-rate freezing container SYNTHETIC SAMPLE DATA, not a validated reagent list."
Exosome isolation by differential ultracentrifugation,"1. Exosome-depleted FBS (Supplier B, catalog SMP-A2720)
2. PBS, calcium and magnesium free, 0.22 um filtered
3. 0.22 um syringe filters
4. Ultracentrifuge tubes rated for 100000 x g
5. Nanoparticle tracking analysis calibration beads, 100 nm SYNTHETIC SAMPLE DATA, not a validated reagent list."
Western blot for vesicle markers,"1. RIPA lysis buffer with protease inhibitor cocktail
2. BCA protein assay kit with BSA standards
3. 4 to 12 percent gradient polyacrylamide gels
4. PVDF membrane, 0.45 um
5. TBST: Tris-buffered saline with 0.1 percent Tween-20
6. Non-fat dry milk for blocking
7. Primary antibodies: anti-CD9, anti-CD63, anti-CD81, anti-TSG101
8. HRP-conjugated secondary antibody
9. ECL chemiluminescent substrate SYNTHETIC SAMPLE DATA, not a validated reagent list."
